{"val_loss": [130.1897975376674, 119.77433613368443, 103.67087718418666, 106.75371497017997, 102.48864582606724, 95.90840666634696, 98.25629915509906, 95.14264133998326, 95.90484619140625, 99.91245869227818, 101.26887839181083, 105.96942465645927, 106.15839767456055, 106.34062031337193, 108.94536427089146], "loss": [215.1745889346122, 134.29952428633288, 119.21657648210154, 110.80503932690453, 103.44633913658195, 97.77076376613567, 92.57140966474356, 87.19534758152301, 82.657423724919, 77.77589771350621, 71.95858022246736, 66.60290103657533, 60.85232528351834, 55.45095563529139, 49.81035242052164], "val_viterbi_accuracy": [0.42632429743844813, 0.4566670832291927, 0.44862630532073594, 0.46860158311345645, 0.4539945584961662, 0.4681436811746198, 0.4692119769481333, 0.4402972027972028, 0.44946610379935437, 0.4807793575566087, 0.4604933633859254, 0.4627515479876161, 0.4616252821670429, 0.47482106339468305, 0.45433718302786846]}