{"val_loss": [131.5835315159389, 112.47464152744838, 100.99305834089007, 104.66014426095145, 102.30480902535575, 93.35614013671875, 98.15257372174945, 97.4522350856236], "loss": [221.02988312132695, 136.13694286251354, 119.97535408149331, 111.03456531802298, 104.22847962308144, 98.80316928852116, 92.97742379246537, 88.10247576819103], "val_viterbi_accuracy": [0.42610716907266943, 0.4575636545182227, 0.5021288674425206, 0.4447565543071161, 0.44448529411764703, 0.47228006246746485, 0.44281376518218624, 0.4644637645914397]}